{
    "n_days": 889,
    "avg_daily_return": -5.404273270440951e-05,
    "std_daily_return": 0.029346955385814874,
    "sharpe_daily": -0.0018415106491428722,
    "final_equity": 0.6509276112704451
}