{
    "predictions_final_return_stacked": {
        "AAPL": 0.006224160842077605,
        "AMZN": 0.00786711948096515,
        "GOOGL": 0.008391284278603865,
        "META": 0.008979386372792475,
        "MSFT": 0.005817125621606638,
        "NVDA": 0.011031335262170257,
        "TSLA": -0.009424265531106334
    },
    "predictions_final_return_ensemble_raw": {
        "AAPL": 0.011667849911594553,
        "AMZN": 0.014626357349174257,
        "GOOGL": 0.01510276269873861,
        "META": 0.016971252632144412,
        "MSFT": 0.010853779470652618,
        "NVDA": 0.020668846749630758,
        "TSLA": -0.019800554290510433
    },
    "predictions_final_return_meta_only": {
        "AAPL": 0.0007804717725606576,
        "AMZN": 0.0011078816127560436,
        "GOOGL": 0.0016798058584691186,
        "META": 0.0009875201134405365,
        "MSFT": 0.0007804717725606576,
        "NVDA": 0.0013938237747097566,
        "TSLA": 0.0009520232282977654
    },
    "predicted_direction": {
        "AAPL": 1,
        "AMZN": 1,
        "GOOGL": 1,
        "META": 1,
        "MSFT": 1,
        "NVDA": 1,
        "TSLA": 0
    },
    "predicted_magnitude": {
        "AAPL": 0.011667849911594553,
        "AMZN": 0.014626357349174257,
        "GOOGL": 0.01510276269873861,
        "META": 0.016971252632144412,
        "MSFT": 0.010853779470652618,
        "NVDA": 0.020668846749630758,
        "TSLA": 0.019800554290510433
    },
    "actual": {
        "AAPL": 0.5437378301921518,
        "MSFT": 0.4008430100417367,
        "GOOGL": 1.553924485882446,
        "AMZN": 0.2601869818310123,
        "META": -0.8548423508164742,
        "NVDA": 3.9336166302974753,
        "TSLA": -0.44893146037197507
    },
    "metrics": {
        "mae_vs_actual_stacked": 1.1366152635413622,
        "mse_vs_actual_stacked": 2.74619064986872,
        "directional_accuracy_final_return_stacked": 0.8571428571428571,
        "directional_accuracy_classifier": 0.8571428571428571
    }
}